module,service,method,controller route,resource type,company field,project field,current guard,service assertion,query filter,internal-call risk,job/webhook caller,test,status
"accounting","accounting-period-closure/accounting-period-closure.service.ts","approveReopen","","accounting-period-closure","companyId","N","@GlobalScope","none","none","Y","","accounting-period-closure.service.spec.ts","unprotected"
"accounting","accounting-period-closure/accounting-period-closure.service.ts","closePeriod","","accounting-period-closure","companyId","N","@GlobalScope","none","none","Y","","accounting-period-closure.service.spec.ts","unprotected"
"accounting","accounting-period-closure/accounting-period-closure.service.ts","createPeriod","","accounting-period-closure","companyId","N","@GlobalScope","none","none","N","","accounting-period-closure.service.spec.ts","unprotected"
"accounting","accounting-period-closure/accounting-period-closure.service.ts","getChecklist","","accounting-period-closure","companyId","N","@GlobalScope","none","none","N","","accounting-period-closure.service.spec.ts","unprotected"
"accounting","accounting-period-closure/accounting-period-closure.service.ts","getPeriod","","accounting-period-closure","companyId","N","@GlobalScope","none","none","N","","accounting-period-closure.service.spec.ts","unprotected"
"accounting","accounting-period-closure/accounting-period-closure.service.ts","listPeriods","","accounting-period-closure","companyId","N","@GlobalScope","none","none","N","","accounting-period-closure.service.spec.ts","unprotected"
"accounting","accounting-period-closure/accounting-period-closure.service.ts","listReopenRequests","","accounting-period-closure","companyId","N","@GlobalScope","none","none","N","","accounting-period-closure.service.spec.ts","unprotected"
"accounting","accounting-period-closure/accounting-period-closure.service.ts","lockPeriod","","accounting-period-closure","companyId","N","@GlobalScope","none","none","Y","","accounting-period-closure.service.spec.ts","unprotected"
"accounting","accounting-period-closure/accounting-period-closure.service.ts","rejectReopen","","accounting-period-closure","companyId","N","@GlobalScope","none","none","N","","accounting-period-closure.service.spec.ts","unprotected"
"accounting","accounting-period-closure/accounting-period-closure.service.ts","requestReopen","","accounting-period-closure","companyId","N","@GlobalScope","none","none","N","","accounting-period-closure.service.spec.ts","unprotected"
"accounting","accounting-period-closure/accounting-period-closure.service.ts","runPreCloseValidation","","accounting-period-closure","companyId","N","@GlobalScope","none","none","N","","accounting-period-closure.service.spec.ts","unprotected"
"accounting","accounting-period-closure/accounting-period-validation.service.ts","runValidations","","accounting-period-closure","companyId","N","@GlobalScope","none","none","N","","","unprotected"
"accounting","accounting-reports/accounting-reports-export.service.ts","export","/api/v1/accounting-reports","accounting-report","N","N","@ProjectScoped","none","none","N","export path","","partial"
"accounting","accounting-reports/accounting-reports.service.ts","buildReport","","accounting-report","N","N","@ProjectScoped","none","none","N","","accounting-reports.service.spec.ts","partial"
"accounting","accounting-reports/accounting-reports.service.ts","getReport","","accounting-report","N","N","@ProjectScoped","via resolveScope()","none","N","","accounting-reports.service.spec.ts","protected"
"accounting","bank-reconciliation/bank-reconciliation.service.ts","autoMatch","","bank-reconciliation","N","N","@GlobalScope","none","none","N","","bank-reconciliation.service.spec.ts","unprotected"
"accounting","bank-reconciliation/bank-reconciliation.service.ts","completeSession","","bank-reconciliation","N","N","@GlobalScope","none","none","N","","bank-reconciliation.service.spec.ts","unprotected"
"accounting","bank-reconciliation/bank-reconciliation.service.ts","createSession","","bank-reconciliation","N","N","@GlobalScope","none","none","N","","bank-reconciliation.service.spec.ts","unprotected"
"accounting","bank-reconciliation/bank-reconciliation.service.ts","getReconciliationStatement","","bank-reconciliation","N","N","@GlobalScope","none","none","N","","bank-reconciliation.service.spec.ts","unprotected"
"accounting","bank-reconciliation/bank-reconciliation.service.ts","getSession","","bank-reconciliation","N","N","@GlobalScope","none","none","N","","bank-reconciliation.service.spec.ts","unprotected"
"accounting","bank-reconciliation/bank-reconciliation.service.ts","importStatement","","bank-reconciliation","N","N","@GlobalScope","none","none","N","","bank-reconciliation.service.spec.ts","unprotected"
"accounting","bank-reconciliation/bank-reconciliation.service.ts","listMatches","","bank-reconciliation","N","N","@GlobalScope","none","none","N","","bank-reconciliation.service.spec.ts","unprotected"
"accounting","bank-reconciliation/bank-reconciliation.service.ts","listSessions","","bank-reconciliation","N","N","@GlobalScope","none","none","N","","bank-reconciliation.service.spec.ts","unprotected"
"accounting","bank-reconciliation/bank-reconciliation.service.ts","listStatementLines","","bank-reconciliation","N","N","@GlobalScope","none","none","N","","bank-reconciliation.service.spec.ts","unprotected"
"accounting","bank-reconciliation/bank-reconciliation.service.ts","listUnmatched","","bank-reconciliation","N","N","@GlobalScope","none","none","N","","bank-reconciliation.service.spec.ts","unprotected"
"accounting","bank-reconciliation/bank-reconciliation.service.ts","manualMatch","","bank-reconciliation","N","N","@GlobalScope","none","none","N","","bank-reconciliation.service.spec.ts","unprotected"
"accounting","bank-reconciliation/bank-reconciliation.service.ts","postAdjustment","","bank-reconciliation","N","N","@GlobalScope","none","none","Y","","bank-reconciliation.service.spec.ts","unprotected"
"accounting","bank-reconciliation/bank-reconciliation.service.ts","unmatch","","bank-reconciliation","N","N","@GlobalScope","none","none","Y","","bank-reconciliation.service.spec.ts","unprotected"
"accounting","bank-reconciliation/bank-reconciliation.service.ts","updateColumnMapping","","bank-reconciliation","N","N","@GlobalScope","none","none","N","","bank-reconciliation.service.spec.ts","unprotected"
"accounting","bank-reconciliation/bank-statement-import.service.ts","parseBuffer","","bank-reconciliation","N","N","@GlobalScope","none","none","N","","bank-statement-import.service.spec.ts","unprotected"
"accounting","cash-accounts/cash-accounts.service.ts","assertSufficientBalance","","cash-account","N","projectId","@ProjectScoped","none","none","N","","cash-accounts.service.spec.ts","partial"
"accounting","cash-accounts/cash-accounts.service.ts","assignCustodian","","cash-account","N","projectId","@ProjectScoped","none","none","N","","cash-accounts.service.spec.ts","partial"
"accounting","cash-accounts/cash-accounts.service.ts","cancelHandover","","cash-account","N","projectId","@ProjectScoped","none","none","N","","cash-accounts.service.spec.ts","partial"
"accounting","cash-accounts/cash-accounts.service.ts","close","","cash-account","N","projectId","@ProjectScoped","none","none","N","","cash-accounts.service.spec.ts","partial"
"accounting","cash-accounts/cash-accounts.service.ts","confirmHandover","","cash-account","N","projectId","@ProjectScoped","none","none","N","","cash-accounts.service.spec.ts","partial"
"accounting","cash-accounts/cash-accounts.service.ts","create","","cash-account","N","projectId","@ProjectScoped","none","none","N","","cash-accounts.service.spec.ts","partial"
"accounting","cash-accounts/cash-accounts.service.ts","getBalance","","cash-account","N","projectId","@ProjectScoped","none","none","N","","cash-accounts.service.spec.ts","partial"
"accounting","cash-accounts/cash-accounts.service.ts","getById","","cash-account","N","projectId","@ProjectScoped","none","none","N","","cash-accounts.service.spec.ts","partial"
"accounting","cash-accounts/cash-accounts.service.ts","getLedger","","cash-account","N","projectId","@ProjectScoped","none","none","N","","cash-accounts.service.spec.ts","partial"
"accounting","cash-accounts/cash-accounts.service.ts","initiateCustodianTransfer","","cash-account","N","projectId","@ProjectScoped","none","none","N","","cash-accounts.service.spec.ts","partial"
"accounting","cash-accounts/cash-accounts.service.ts","list","","cash-account","N","projectId","@ProjectScoped","none","none","N","","cash-accounts.service.spec.ts","partial"
"accounting","chart-of-accounts/chart-of-accounts.service.ts","activate","","chart-of-account","N","N","@GlobalScope","none","none","N","","chart-of-accounts.service.spec.ts","unprotected"
"accounting","chart-of-accounts/chart-of-accounts.service.ts","assertAllowsManualPosting","","chart-of-account","N","N","@GlobalScope","none","none","N","","chart-of-accounts.service.spec.ts","unprotected"
"accounting","chart-of-accounts/chart-of-accounts.service.ts","create","","chart-of-account","N","N","@GlobalScope","none","none","N","","chart-of-accounts.service.spec.ts","unprotected"
"accounting","chart-of-accounts/chart-of-accounts.service.ts","deactivate","","chart-of-account","N","N","@GlobalScope","none","none","N","","chart-of-accounts.service.spec.ts","unprotected"
"accounting","chart-of-accounts/chart-of-accounts.service.ts","getByCode","","chart-of-account","N","N","@GlobalScope","none","none","N","","chart-of-accounts.service.spec.ts","unprotected"
"accounting","chart-of-accounts/chart-of-accounts.service.ts","getById","","chart-of-account","N","N","@GlobalScope","none","none","N","","chart-of-accounts.service.spec.ts","unprotected"
"accounting","chart-of-accounts/chart-of-accounts.service.ts","getTree","","chart-of-account","N","N","@GlobalScope","none","none","N","","chart-of-accounts.service.spec.ts","unprotected"
"accounting","chart-of-accounts/chart-of-accounts.service.ts","incrementPostingCount","","chart-of-account","N","N","@GlobalScope","none","none","N","","chart-of-accounts.service.spec.ts","unprotected"
"accounting","chart-of-accounts/chart-of-accounts.service.ts","list","","chart-of-account","N","N","@GlobalScope","none","none","N","","chart-of-accounts.service.spec.ts","unprotected"
"accounting","chart-of-accounts/chart-of-accounts.service.ts","remove","","chart-of-account","N","N","@GlobalScope","none","none","N","","chart-of-accounts.service.spec.ts","unprotected"
"accounting","chart-of-accounts/chart-of-accounts.service.ts","seedStandard","","chart-of-account","N","N","@GlobalScope","none","none","N","","chart-of-accounts.service.spec.ts","unprotected"
"accounting","chart-of-accounts/chart-of-accounts.service.ts","setParent","","chart-of-account","N","N","@GlobalScope","none","none","N","","chart-of-accounts.service.spec.ts","unprotected"
"accounting","chart-of-accounts/chart-of-accounts.service.ts","update","","chart-of-account","N","N","@GlobalScope","none","none","N","","chart-of-accounts.service.spec.ts","unprotected"
"accounting","contribution-receipts/contribution-receipts.service.ts","attachDocument","","contribution-receipt","N","projectId","@ProjectScoped","via requireReceipt()","none","N","","contribution-receipts.service.spec.ts","protected"
"accounting","contribution-receipts/contribution-receipts.service.ts","cancel","","contribution-receipt","N","projectId","@ProjectScoped","via requireReceipt()","none","N","","contribution-receipts.service.spec.ts","protected"
"accounting","contribution-receipts/contribution-receipts.service.ts","create","","contribution-receipt","N","projectId","@ProjectScoped","assertProjectAccess","none","N","","contribution-receipts.service.spec.ts","protected"
"accounting","contribution-receipts/contribution-receipts.service.ts","getBalances","","contribution-receipt","N","projectId","@ProjectScoped","none","none","N","","contribution-receipts.service.spec.ts","partial"
"accounting","contribution-receipts/contribution-receipts.service.ts","getById","","contribution-receipt","N","projectId","@ProjectScoped","via requireReceipt()","none","N","","contribution-receipts.service.spec.ts","protected"
"accounting","contribution-receipts/contribution-receipts.service.ts","list","","contribution-receipt","N","projectId","@ProjectScoped","assertProjectAccess","mergeAuthorisedProjectFilter","N","","contribution-receipts.service.spec.ts","protected"
"accounting","contribution-receipts/contribution-receipts.service.ts","post","","contribution-receipt","N","projectId","@ProjectScoped","via requireReceipt()","none","N","","contribution-receipts.service.spec.ts","protected"
"accounting","contribution-receipts/contribution-receipts.service.ts","submit","","contribution-receipt","N","projectId","@ProjectScoped","via requireReceipt()","none","N","","contribution-receipts.service.spec.ts","protected"
"accounting","contribution-receipts/contribution-receipts.service.ts","verify","","contribution-receipt","N","projectId","@ProjectScoped","via requireReceipt()","none","N","","contribution-receipts.service.spec.ts","protected"
"accounting","customer-receipts/customer-receipts.service.ts","cancel","","customer-receipt","N","projectId","@ProjectScoped","via requireReceipt()","none","N","","customer-receipts.service.spec.ts","protected"
"accounting","customer-receipts/customer-receipts.service.ts","create","","customer-receipt","N","projectId","@ProjectScoped","assertProjectAccess","none","N","","customer-receipts.service.spec.ts","protected"
"accounting","customer-receipts/customer-receipts.service.ts","getById","","customer-receipt","N","projectId","@ProjectScoped","via requireReceipt()","none","N","","customer-receipts.service.spec.ts","protected"
"accounting","customer-receipts/customer-receipts.service.ts","list","","customer-receipt","N","projectId","@ProjectScoped","assertProjectAccess","mergeAuthorisedProjectFilter","N","","customer-receipts.service.spec.ts","protected"
"accounting","customer-receipts/customer-receipts.service.ts","post","","customer-receipt","N","projectId","@ProjectScoped","via requireReceipt()","none","N","","customer-receipts.service.spec.ts","protected"
"accounting","customer-receipts/customer-receipts.service.ts","regeneratePdf","","customer-receipt","N","projectId","@ProjectScoped","via requireReceipt()","none","N","","customer-receipts.service.spec.ts","protected"
"accounting","customer-receipts/customer-receipts.service.ts","update","","customer-receipt","N","projectId","@ProjectScoped","via requireReceipt()","none","N","","customer-receipts.service.spec.ts","protected"
"accounting","finance-dashboard/finance-dashboard-export.service.ts","export","/api/v1/finance-dashboard/summary","finance-dashboard","N","N","@ProjectScoped","none","none","N","export path","","partial"
"accounting","finance-dashboard/finance-dashboard.service.ts","buildExportRows","","finance-dashboard","N","N","@ProjectScoped","none","none","N","","finance-dashboard.service.spec.ts","partial"
"accounting","finance-dashboard/finance-dashboard.service.ts","getSummary","","finance-dashboard","N","N","@ProjectScoped","via resolveScope()","none","N","","finance-dashboard.service.spec.ts","protected"
"accounting","financial-year/financial-year.service.ts","approveUnlock","","financial-year","companyId","N","@GlobalScope","none","none","Y","","financial-year.service.spec.ts","unprotected"
"accounting","financial-year/financial-year.service.ts","assertPostingAllowed","","financial-year","companyId","N","@GlobalScope","none","none","N","","financial-year.service.spec.ts","unprotected"
"accounting","financial-year/financial-year.service.ts","create","","financial-year","companyId","N","@GlobalScope","none","none","N","","financial-year.service.spec.ts","unprotected"
"accounting","financial-year/financial-year.service.ts","getById","","financial-year","companyId","N","@GlobalScope","none","none","N","","financial-year.service.spec.ts","unprotected"
"accounting","financial-year/financial-year.service.ts","getCurrent","","financial-year","companyId","N","@GlobalScope","none","none","N","","financial-year.service.spec.ts","unprotected"
"accounting","financial-year/financial-year.service.ts","list","","financial-year","companyId","N","@GlobalScope","none","none","N","","financial-year.service.spec.ts","unprotected"
"accounting","financial-year/financial-year.service.ts","listUnlockRequests","","financial-year","companyId","N","@GlobalScope","none","none","N","","financial-year.service.spec.ts","unprotected"
"accounting","financial-year/financial-year.service.ts","lock","","financial-year","companyId","N","@GlobalScope","none","none","Y","","financial-year.service.spec.ts","unprotected"
"accounting","financial-year/financial-year.service.ts","rejectUnlock","","financial-year","companyId","N","@GlobalScope","none","none","N","","financial-year.service.spec.ts","unprotected"
"accounting","financial-year/financial-year.service.ts","requestUnlock","","financial-year","companyId","N","@GlobalScope","none","none","N","","financial-year.service.spec.ts","unprotected"
"accounting","financial-year/financial-year.service.ts","resolveTransactionDate","","financial-year","companyId","N","@GlobalScope","none","none","N","","financial-year.service.spec.ts","unprotected"
"accounting","financial-year/financial-year.service.ts","setCurrent","","financial-year","companyId","N","@GlobalScope","none","none","Y","","financial-year.service.spec.ts","unprotected"
"accounting","financial-year/financial-year.service.ts","validateTransactionDate","","financial-year","companyId","N","@GlobalScope","none","none","N","","financial-year.service.spec.ts","unprotected"
"accounting","journal/journal.service.ts","cancel","","journal-entry","N","projectId","@ProjectScoped","via requireJournal()","none","N","","journal.service.spec.ts","protected"
"accounting","journal/journal.service.ts","create","","journal-entry","N","projectId","@ProjectScoped","assert","none","N","","journal.service.spec.ts","protected"
"accounting","journal/journal.service.ts","getById","","journal-entry","N","projectId","@ProjectScoped","via requireJournal()","none","N","","journal.service.spec.ts","protected"
"accounting","journal/journal.service.ts","list","","journal-entry","N","projectId","@ProjectScoped","assertProjectAccess","mergeAuthorisedProjectFilter","N","","journal.service.spec.ts","protected"
"accounting","journal/journal.service.ts","post","","journal-entry","N","projectId","@ProjectScoped","via requireJournal()","none","N","","journal.service.spec.ts","protected"
"accounting","journal/journal.service.ts","reverse","","journal-entry","N","projectId","@ProjectScoped","via requireJournal()","none","N","","journal.service.spec.ts","protected"
"accounting","journal/journal.service.ts","submitForApproval","","journal-entry","N","projectId","@ProjectScoped","via requireJournal()","none","N","","journal.service.spec.ts","protected"
"accounting","journal/journal.service.ts","update","","journal-entry","N","projectId","@ProjectScoped","via requireJournal()","none","N","","journal.service.spec.ts","protected"
"accounting","petty-cash-fund-transfers/petty-cash-fund-transfers.service.ts","cancel","","petty-cash-fund-transfer","N","projectId","@ProjectScoped","none","none","N","","petty-cash-fund-transfers.service.spec.ts","partial"
"accounting","petty-cash-fund-transfers/petty-cash-fund-transfers.service.ts","create","","petty-cash-fund-transfer","N","projectId","@ProjectScoped","none","none","N","","petty-cash-fund-transfers.service.spec.ts","partial"
"accounting","petty-cash-fund-transfers/petty-cash-fund-transfers.service.ts","getApprovedRequestBalance","","petty-cash-fund-transfer","N","projectId","@ProjectScoped","none","none","N","","petty-cash-fund-transfers.service.spec.ts","partial"
"accounting","petty-cash-fund-transfers/petty-cash-fund-transfers.service.ts","getById","","petty-cash-fund-transfer","N","projectId","@ProjectScoped","none","none","N","","petty-cash-fund-transfers.service.spec.ts","partial"
"accounting","petty-cash-fund-transfers/petty-cash-fund-transfers.service.ts","list","","petty-cash-fund-transfer","N","projectId","@ProjectScoped","none","none","N","","petty-cash-fund-transfers.service.spec.ts","partial"
"accounting","petty-cash-fund-transfers/petty-cash-fund-transfers.service.ts","post","","petty-cash-fund-transfer","N","projectId","@ProjectScoped","none","none","N","","petty-cash-fund-transfers.service.spec.ts","partial"
"accounting","petty-cash-fund-transfers/petty-cash-fund-transfers.service.ts","update","","petty-cash-fund-transfer","N","projectId","@ProjectScoped","none","none","N","","petty-cash-fund-transfers.service.spec.ts","partial"
"accounting","petty-cash-fund-transfers/petty-cash-fund-transfers.service.ts","verify","","petty-cash-fund-transfer","N","projectId","@ProjectScoped","none","none","N","","petty-cash-fund-transfers.service.spec.ts","partial"
"accounting","petty-cash-requirements/petty-cash-requirements.service.ts","applyFundTransferPosted","","petty-cash-requirement","N","projectId","@ProjectScoped","none","none","N","","petty-cash-requirements.service.spec.ts","partial"
"accounting","petty-cash-requirements/petty-cash-requirements.service.ts","cancel","","petty-cash-requirement","N","projectId","@ProjectScoped","none","none","N","","petty-cash-requirements.service.spec.ts","partial"
"accounting","petty-cash-requirements/petty-cash-requirements.service.ts","close","","petty-cash-requirement","N","projectId","@ProjectScoped","none","none","N","","petty-cash-requirements.service.spec.ts","partial"
"accounting","petty-cash-requirements/petty-cash-requirements.service.ts","create","","petty-cash-requirement","N","projectId","@ProjectScoped","none","none","N","","petty-cash-requirements.service.spec.ts","partial"
"accounting","petty-cash-requirements/petty-cash-requirements.service.ts","financeApprove","","petty-cash-requirement","N","projectId","@ProjectScoped","none","none","N","","petty-cash-requirements.service.spec.ts","partial"
"accounting","petty-cash-requirements/petty-cash-requirements.service.ts","fund","","petty-cash-requirement","N","projectId","@ProjectScoped","none","none","N","","petty-cash-requirements.service.spec.ts","partial"
"accounting","petty-cash-requirements/petty-cash-requirements.service.ts","getById","","petty-cash-requirement","N","projectId","@ProjectScoped","none","none","N","","petty-cash-requirements.service.spec.ts","partial"
"accounting","petty-cash-requirements/petty-cash-requirements.service.ts","list","","petty-cash-requirement","N","projectId","@ProjectScoped","none","none","N","","petty-cash-requirements.service.spec.ts","partial"
"accounting","petty-cash-requirements/petty-cash-requirements.service.ts","projectManagerApprove","","petty-cash-requirement","N","projectId","@ProjectScoped","none","none","N","","petty-cash-requirements.service.spec.ts","partial"
"accounting","petty-cash-requirements/petty-cash-requirements.service.ts","reject","","petty-cash-requirement","N","projectId","@ProjectScoped","none","none","N","","petty-cash-requirements.service.spec.ts","partial"
"accounting","petty-cash-requirements/petty-cash-requirements.service.ts","returnForCorrection","","petty-cash-requirement","N","projectId","@ProjectScoped","none","none","N","","petty-cash-requirements.service.spec.ts","partial"
"accounting","petty-cash-requirements/petty-cash-requirements.service.ts","submit","","petty-cash-requirement","N","projectId","@ProjectScoped","none","none","N","","petty-cash-requirements.service.spec.ts","partial"
"accounting","petty-cash-requirements/petty-cash-requirements.service.ts","update","","petty-cash-requirement","N","projectId","@ProjectScoped","none","none","N","","petty-cash-requirements.service.spec.ts","partial"
"accounting","vendor-invoices/vendor-invoices.service.ts","applyPaymentAllocation","","vendor-invoice","N","projectId","@ProjectScoped","via requireInvoice()","none","N","","vendor-invoices.service.spec.ts","protected"
"accounting","vendor-invoices/vendor-invoices.service.ts","approve","","vendor-invoice","N","projectId","@ProjectScoped","via requireInvoice()","none","N","","vendor-invoices.service.spec.ts","protected"
"accounting","vendor-invoices/vendor-invoices.service.ts","cancel","","vendor-invoice","N","projectId","@ProjectScoped","via requireInvoice()","none","N","","vendor-invoices.service.spec.ts","protected"
"accounting","vendor-invoices/vendor-invoices.service.ts","create","","vendor-invoice","N","projectId","@ProjectScoped","assertProjectAccess","none","N","","vendor-invoices.service.spec.ts","protected"
"accounting","vendor-invoices/vendor-invoices.service.ts","getById","","vendor-invoice","N","projectId","@ProjectScoped","via requireInvoice()","none","N","","vendor-invoices.service.spec.ts","protected"
"accounting","vendor-invoices/vendor-invoices.service.ts","list","","vendor-invoice","N","projectId","@ProjectScoped","assertProjectAccess","mergeAuthorisedProjectFilter","N","","vendor-invoices.service.spec.ts","protected"
"accounting","vendor-invoices/vendor-invoices.service.ts","markPaid","","vendor-invoice","N","projectId","@ProjectScoped","via requireInvoice()","none","N","","vendor-invoices.service.spec.ts","protected"
"accounting","vendor-invoices/vendor-invoices.service.ts","match","","vendor-invoice","N","projectId","@ProjectScoped","via requireInvoice()","none","N","","vendor-invoices.service.spec.ts","protected"
"accounting","vendor-invoices/vendor-invoices.service.ts","post","","vendor-invoice","N","projectId","@ProjectScoped","via requireInvoice()","none","N","","vendor-invoices.service.spec.ts","protected"
"accounting","vendor-invoices/vendor-invoices.service.ts","rejectMatching","","vendor-invoice","N","projectId","@ProjectScoped","via requireInvoice()","none","N","","vendor-invoices.service.spec.ts","protected"
"accounting","vendor-invoices/vendor-invoices.service.ts","submit","","vendor-invoice","N","projectId","@ProjectScoped","via requireInvoice()","none","N","","vendor-invoices.service.spec.ts","protected"
"accounting","vendor-invoices/vendor-invoices.service.ts","update","","vendor-invoice","N","projectId","@ProjectScoped","via requireInvoice()","none","N","","vendor-invoices.service.spec.ts","protected"
"accounting","vendor-invoices/vendor-invoices.service.ts","verify","","vendor-invoice","N","projectId","@ProjectScoped","via requireInvoice()","none","N","","vendor-invoices.service.spec.ts","protected"
"accounting","vendor-payments/vendor-payments.service.ts","approve","","vendor-payment","N","projectId","@ProjectScoped","via requirePayment()","none","N","","vendor-payments.service.spec.ts","protected"
"accounting","vendor-payments/vendor-payments.service.ts","cancel","","vendor-payment","N","projectId","@ProjectScoped","via requirePayment()","none","N","","vendor-payments.service.spec.ts","protected"
"accounting","vendor-payments/vendor-payments.service.ts","create","","vendor-payment","N","projectId","@ProjectScoped","assertProjectAccess","none","N","","vendor-payments.service.spec.ts","protected"
"accounting","vendor-payments/vendor-payments.service.ts","getById","","vendor-payment","N","projectId","@ProjectScoped","via requirePayment()","none","N","","vendor-payments.service.spec.ts","protected"
"accounting","vendor-payments/vendor-payments.service.ts","list","","vendor-payment","N","projectId","@ProjectScoped","assertProjectAccess","mergeAuthorisedProjectFilter","N","","vendor-payments.service.spec.ts","protected"
"accounting","vendor-payments/vendor-payments.service.ts","post","","vendor-payment","N","projectId","@ProjectScoped","via requirePayment()","none","N","","vendor-payments.service.spec.ts","protected"
"accounting","vendor-payments/vendor-payments.service.ts","release","","vendor-payment","N","projectId","@ProjectScoped","via requirePayment()","none","N","","vendor-payments.service.spec.ts","protected"
"accounting","vendor-payments/vendor-payments.service.ts","submit","","vendor-payment","N","projectId","@ProjectScoped","via requirePayment()","none","N","","vendor-payments.service.spec.ts","protected"
"accounting","vendor-payments/vendor-payments.service.ts","update","","vendor-payment","N","projectId","@ProjectScoped","via requirePayment()","none","N","","vendor-payments.service.spec.ts","protected"
"accounting","vendor-payments/vendor-payments.service.ts","verify","","vendor-payment","N","projectId","@ProjectScoped","via requirePayment()","none","N","","vendor-payments.service.spec.ts","protected"
"boq-contractors","boq/boq.service.ts","activateVersion","","boq","N","projectId","@ProjectScoped","via requireVersion()","none","N","","boq.service.spec.ts","protected"
"boq-contractors","boq/boq.service.ts","approveVersion","","boq","N","projectId","@ProjectScoped","via requireVersion()","none","N","","boq.service.spec.ts","protected"
"boq-contractors","boq/boq.service.ts","compareVersions","","boq","N","projectId","@ProjectScoped","assertProjectAccess","none","N","","boq.service.spec.ts","protected"
"boq-contractors","boq/boq.service.ts","createBlock","","boq","N","projectId","@ProjectScoped","assertProjectAccess","none","N","","boq.service.spec.ts","protected"
"boq-contractors","boq/boq.service.ts","createFloor","","boq","N","projectId","@ProjectScoped","none","none","N","","boq.service.spec.ts","partial"
"boq-contractors","boq/boq.service.ts","createItem","","boq","N","projectId","@ProjectScoped","none","none","N","","boq.service.spec.ts","partial"
"boq-contractors","boq/boq.service.ts","createVersion","","boq","N","projectId","@ProjectScoped","via requireVersion()","none","N","","boq.service.spec.ts","protected"
"boq-contractors","boq/boq.service.ts","createWorkCategory","","boq","N","projectId","@ProjectScoped","none","none","N","","boq.service.spec.ts","partial"
"boq-contractors","boq/boq.service.ts","downloadTemplate","/api/v1/boq/projects/:projectId/blocks","boq","N","projectId","@ProjectScoped","none","none","N","","boq.service.spec.ts","partial"
"boq-contractors","boq/boq.service.ts","exportToExcel","","boq","N","projectId","@ProjectScoped","none","none","N","","boq.service.spec.ts","partial"
"boq-contractors","boq/boq.service.ts","getActiveVersion","","boq","N","projectId","@ProjectScoped","assertProjectAccess","none","N","","boq.service.spec.ts","protected"
"boq-contractors","boq/boq.service.ts","getHierarchy","","boq","N","projectId","@ProjectScoped","assertProjectAccess","none","N","","boq.service.spec.ts","protected"
"boq-contractors","boq/boq.service.ts","getItem","","boq","N","projectId","@ProjectScoped","via requireItem()","none","N","","boq.service.spec.ts","protected"
"boq-contractors","boq/boq.service.ts","getVersion","","boq","N","projectId","@ProjectScoped","via requireVersion()","none","N","","boq.service.spec.ts","protected"
"boq-contractors","boq/boq.service.ts","importFromExcel","","boq","N","projectId","@ProjectScoped","none","none","N","","boq.service.spec.ts","partial"
"boq-contractors","boq/boq.service.ts","listBlocks","","boq","N","projectId","@ProjectScoped","assertProjectAccess","none","N","","boq.service.spec.ts","protected"
"boq-contractors","boq/boq.service.ts","listFloors","","boq","N","projectId","@ProjectScoped","none","none","N","","boq.service.spec.ts","partial"
"boq-contractors","boq/boq.service.ts","listItems","","boq","N","projectId","@ProjectScoped","assertProjectAccess","none","N","","boq.service.spec.ts","protected"
"boq-contractors","boq/boq.service.ts","listVersions","","boq","N","projectId","@ProjectScoped","assertProjectAccess","none","N","","boq.service.spec.ts","protected"
"boq-contractors","boq/boq.service.ts","listWorkCategories","","boq","N","projectId","@ProjectScoped","none","none","N","","boq.service.spec.ts","partial"
"boq-contractors","boq/boq.service.ts","rejectVersion","","boq","N","projectId","@ProjectScoped","via requireVersion()","none","N","","boq.service.spec.ts","protected"
"boq-contractors","boq/boq.service.ts","submitVersion","","boq","N","projectId","@ProjectScoped","via requireVersion()","none","N","","boq.service.spec.ts","protected"
"boq-contractors","boq/boq.service.ts","updateBlock","","boq","N","projectId","@ProjectScoped","none","none","N","","boq.service.spec.ts","partial"
"boq-contractors","boq/boq.service.ts","updateFloor","","boq","N","projectId","@ProjectScoped","none","none","N","","boq.service.spec.ts","partial"
"boq-contractors","boq/boq.service.ts","updateItem","","boq","N","projectId","@ProjectScoped","via requireItem()","none","N","","boq.service.spec.ts","protected"
"boq-contractors","boq/boq.service.ts","updateVersion","","boq","N","projectId","@ProjectScoped","via requireVersion()","none","N","","boq.service.spec.ts","protected"
"boq-contractors","boq/boq.service.ts","updateWorkCategory","","boq","N","projectId","@ProjectScoped","none","none","N","","boq.service.spec.ts","partial"
"boq-contractors","boq/boq.service.ts","validateTotals","","boq","N","projectId","@ProjectScoped","via requireVersion()","none","N","","boq.service.spec.ts","protected"
"boq-contractors","contractor-agreements/contractor-agreements.service.ts","acknowledgeExpiryAlert","","contractor-agreement","N","projectId","@ProjectScoped","none","none","Y","","contractor-agreements.service.spec.ts","partial"
"boq-contractors","contractor-agreements/contractor-agreements.service.ts","amend","","contractor-agreement","N","projectId","@ProjectScoped","via requireAgreement()","none","N","","contractor-agreements.service.spec.ts","protected"
"boq-contractors","contractor-agreements/contractor-agreements.service.ts","approve","","contractor-agreement","N","projectId","@ProjectScoped","via requireAgreement()","none","N","","contractor-agreements.service.spec.ts","protected"
"boq-contractors","contractor-agreements/contractor-agreements.service.ts","create","","contractor-agreement","N","projectId","@ProjectScoped","assertProjectAccess","none","N","","contractor-agreements.service.spec.ts","protected"
"boq-contractors","contractor-agreements/contractor-agreements.service.ts","disburseMobilisationAdvance","","contractor-agreement","N","projectId","@ProjectScoped","none","none","Y","","contractor-agreements.service.spec.ts","partial"
"boq-contractors","contractor-agreements/contractor-agreements.service.ts","evaluateExpiryAlerts","","contractor-agreement","N","projectId","@ProjectScoped","none","none","N","","contractor-agreements.service.spec.ts","partial"
"boq-contractors","contractor-agreements/contractor-agreements.service.ts","getById","","contractor-agreement","N","projectId","@ProjectScoped","via requireAgreement()","none","N","","contractor-agreements.service.spec.ts","protected"
"boq-contractors","contractor-agreements/contractor-agreements.service.ts","list","","contractor-agreement","N","projectId","@ProjectScoped","assertProjectAccess","mergeAuthorisedProjectFilter","N","","contractor-agreements.service.spec.ts","protected"
"boq-contractors","contractor-agreements/contractor-agreements.service.ts","listExpiryAlerts","","contractor-agreement","N","projectId","@ProjectScoped","none","none","N","","contractor-agreements.service.spec.ts","partial"
"boq-contractors","contractor-agreements/contractor-agreements.service.ts","listVersions","","contractor-agreement","N","projectId","@ProjectScoped","none","none","N","","contractor-agreements.service.spec.ts","partial"
"boq-contractors","contractor-agreements/contractor-agreements.service.ts","reject","","contractor-agreement","N","projectId","@ProjectScoped","via requireAgreement()","none","N","","contractor-agreements.service.spec.ts","protected"
"boq-contractors","contractor-agreements/contractor-agreements.service.ts","submitForApproval","","contractor-agreement","N","projectId","@ProjectScoped","via requireAgreement()","none","N","","contractor-agreements.service.spec.ts","protected"
"boq-contractors","contractor-agreements/contractor-agreements.service.ts","terminate","","contractor-agreement","N","projectId","@ProjectScoped","via requireAgreement()","none","N","","contractor-agreements.service.spec.ts","protected"
"boq-contractors","contractor-agreements/contractor-agreements.service.ts","update","","contractor-agreement","N","projectId","@ProjectScoped","via requireAgreement()","none","N","","contractor-agreements.service.spec.ts","protected"
"boq-contractors","contractor-bills/contractor-bills.service.ts","applyPaymentAllocation","","contractor-bill","N","projectId","@ProjectScoped","via requireBill()","none","N","","contractor-bills.service.spec.ts","protected"
"boq-contractors","contractor-bills/contractor-bills.service.ts","cancel","","contractor-bill","N","projectId","@ProjectScoped","via requireBill()","none","N","","contractor-bills.service.spec.ts","protected"
"boq-contractors","contractor-bills/contractor-bills.service.ts","create","","contractor-bill","N","projectId","@ProjectScoped","assertProjectAccess","none","N","","contractor-bills.service.spec.ts","protected"
"boq-contractors","contractor-bills/contractor-bills.service.ts","directorApprove","","contractor-bill","N","projectId","@ProjectScoped","via requireBill()","none","N","","contractor-bills.service.spec.ts","protected"
"boq-contractors","contractor-bills/contractor-bills.service.ts","engineerVerify","","contractor-bill","N","projectId","@ProjectScoped","via requireBill()","none","N","","contractor-bills.service.spec.ts","protected"
"boq-contractors","contractor-bills/contractor-bills.service.ts","financeVerify","","contractor-bill","N","projectId","@ProjectScoped","via requireBill()","none","N","","contractor-bills.service.spec.ts","protected"
"boq-contractors","contractor-bills/contractor-bills.service.ts","getById","","contractor-bill","N","projectId","@ProjectScoped","via requireBill()","none","N","","contractor-bills.service.spec.ts","protected"
"boq-contractors","contractor-bills/contractor-bills.service.ts","list","","contractor-bill","N","projectId","@ProjectScoped","assertProjectAccess","mergeAuthorisedProjectFilter","N","","contractor-bills.service.spec.ts","protected"
"boq-contractors","contractor-bills/contractor-bills.service.ts","markPaid","","contractor-bill","N","projectId","@ProjectScoped","via requireBill()","none","N","","contractor-bills.service.spec.ts","protected"
"boq-contractors","contractor-bills/contractor-bills.service.ts","pmCertify","","contractor-bill","N","projectId","@ProjectScoped","via requireBill()","none","N","","contractor-bills.service.spec.ts","protected"
"boq-contractors","contractor-bills/contractor-bills.service.ts","post","","contractor-bill","N","projectId","@ProjectScoped","via requireBill()","none","N","","contractor-bills.service.spec.ts","protected"
"boq-contractors","contractor-bills/contractor-bills.service.ts","reject","","contractor-bill","N","projectId","@ProjectScoped","via requireBill()","none","N","","contractor-bills.service.spec.ts","protected"
"boq-contractors","contractor-bills/contractor-bills.service.ts","submitClaim","","contractor-bill","N","projectId","@ProjectScoped","via requireBill()","none","N","","contractor-bills.service.spec.ts","protected"
"boq-contractors","contractor-bills/contractor-bills.service.ts","update","","contractor-bill","N","projectId","@ProjectScoped","via requireBill()","none","N","","contractor-bills.service.spec.ts","protected"
"boq-contractors","contractor-payments/contractor-payments.service.ts","approve","","contractor-payment","N","projectId","@ProjectScoped","via requirePayment()","none","N","","contractor-payments.service.spec.ts","protected"
"boq-contractors","contractor-payments/contractor-payments.service.ts","cancel","","contractor-payment","N","projectId","@ProjectScoped","via requirePayment()","none","N","","contractor-payments.service.spec.ts","protected"
"boq-contractors","contractor-payments/contractor-payments.service.ts","create","","contractor-payment","N","projectId","@ProjectScoped","assertProjectAccess","none","N","","contractor-payments.service.spec.ts","protected"
"boq-contractors","contractor-payments/contractor-payments.service.ts","getById","","contractor-payment","N","projectId","@ProjectScoped","via requirePayment()","none","N","","contractor-payments.service.spec.ts","protected"
"boq-contractors","contractor-payments/contractor-payments.service.ts","list","","contractor-payment","N","projectId","@ProjectScoped","assertProjectAccess","mergeAuthorisedProjectFilter","N","","contractor-payments.service.spec.ts","protected"
"boq-contractors","contractor-payments/contractor-payments.service.ts","post","","contractor-payment","N","projectId","@ProjectScoped","via requirePayment()","none","N","","contractor-payments.service.spec.ts","protected"
"boq-contractors","contractor-payments/contractor-payments.service.ts","release","","contractor-payment","N","projectId","@ProjectScoped","via requirePayment()","none","N","","contractor-payments.service.spec.ts","protected"
"boq-contractors","contractor-payments/contractor-payments.service.ts","submit","","contractor-payment","N","projectId","@ProjectScoped","via requirePayment()","none","N","","contractor-payments.service.spec.ts","protected"
"boq-contractors","contractor-payments/contractor-payments.service.ts","update","","contractor-payment","N","projectId","@ProjectScoped","via requirePayment()","none","N","","contractor-payments.service.spec.ts","protected"
"boq-contractors","contractor-payments/contractor-payments.service.ts","verify","","contractor-payment","N","projectId","@ProjectScoped","via requirePayment()","none","N","","contractor-payments.service.spec.ts","protected"
"boq-contractors","contractors/contractors.service.ts","activate","","contractor","companyId","projectId","@GlobalScope","none","none","Y","","contractors.service.spec.ts","unprotected"
"boq-contractors","contractors/contractors.service.ts","addDocument","","contractor","companyId","projectId","@GlobalScope","none","none","N","","contractors.service.spec.ts","unprotected"
"boq-contractors","contractors/contractors.service.ts","assignProject","","contractor","companyId","projectId","@GlobalScope","none","none","N","","contractors.service.spec.ts","unprotected"
"boq-contractors","contractors/contractors.service.ts","block","","contractor","companyId","projectId","@GlobalScope","none","none","Y","","contractors.service.spec.ts","unprotected"
"boq-contractors","contractors/contractors.service.ts","create","","contractor","companyId","projectId","@GlobalScope","none","none","N","","contractors.service.spec.ts","unprotected"
"boq-contractors","contractors/contractors.service.ts","getById","","contractor","companyId","projectId","@GlobalScope","none","none","N","","contractors.service.spec.ts","unprotected"
"boq-contractors","contractors/contractors.service.ts","getPerformance","","contractor","companyId","projectId","@GlobalScope","none","none","N","","contractors.service.spec.ts","unprotected"
"boq-contractors","contractors/contractors.service.ts","list","","contractor","companyId","projectId","@GlobalScope","none","none","N","","contractors.service.spec.ts","unprotected"
"boq-contractors","contractors/contractors.service.ts","listDocuments","","contractor","companyId","projectId","@GlobalScope","none","none","N","","contractors.service.spec.ts","unprotected"
"boq-contractors","contractors/contractors.service.ts","listProjects","","contractor","companyId","projectId","@GlobalScope","none","none","N","","contractors.service.spec.ts","unprotected"
"boq-contractors","contractors/contractors.service.ts","unassignProject","","contractor","companyId","projectId","@GlobalScope","none","none","N","","contractors.service.spec.ts","unprotected"
"boq-contractors","contractors/contractors.service.ts","update","","contractor","companyId","projectId","@GlobalScope","none","none","Y","","contractors.service.spec.ts","unprotected"
"boq-contractors","contractors/contractors.service.ts","verify","","contractor","companyId","projectId","@GlobalScope","none","none","Y","","contractors.service.spec.ts","unprotected"
"boq-contractors","work-measurements/work-measurement.service.ts","cancel","","work-measurement","N","projectId","@ProjectScoped","via requireMeasurement()","none","N","","work-measurement.service.spec.ts","protected"
"boq-contractors","work-measurements/work-measurement.service.ts","create","","work-measurement","N","projectId","@ProjectScoped","assertProjectAccess","none","N","","work-measurement.service.spec.ts","protected"
"boq-contractors","work-measurements/work-measurement.service.ts","getById","","work-measurement","N","projectId","@ProjectScoped","via requireMeasurement()","none","N","","work-measurement.service.spec.ts","protected"
"boq-contractors","work-measurements/work-measurement.service.ts","list","","work-measurement","N","projectId","@ProjectScoped","assertProjectAccess","mergeAuthorisedProjectFilter","N","","work-measurement.service.spec.ts","protected"
"boq-contractors","work-measurements/work-measurement.service.ts","reject","","work-measurement","N","projectId","@ProjectScoped","via requireMeasurement()","none","N","","work-measurement.service.spec.ts","protected"
"boq-contractors","work-measurements/work-measurement.service.ts","submit","","work-measurement","N","projectId","@ProjectScoped","via requireMeasurement()","none","N","","work-measurement.service.spec.ts","protected"
"boq-contractors","work-measurements/work-measurement.service.ts","update","","work-measurement","N","projectId","@ProjectScoped","via requireMeasurement()","none","N","","work-measurement.service.spec.ts","protected"
"boq-contractors","work-measurements/work-measurement.service.ts","verify","","work-measurement","N","projectId","@ProjectScoped","via requireMeasurement()","none","N","","work-measurement.service.spec.ts","protected"
"documents-reports","construction-reports/construction-reports-export.service.ts","export","/api/v1/construction-reports","construction-report","N","N","@ProjectScoped","none","none","N","export path","","partial"
"documents-reports","construction-reports/construction-reports.service.ts","buildReport","","construction-report","N","N","@ProjectScoped","none","none","N","","construction-reports.service.spec.ts","partial"
"documents-reports","construction-reports/construction-reports.service.ts","getReport","","construction-report","N","N","@ProjectScoped","via resolveScope()","none","N","","construction-reports.service.spec.ts","protected"
"documents-reports","documents/documents.service.ts","archiveDocument","","document","companyId","projectId","@ProjectScoped","assert","none","N","","documents.service.spec.ts","protected"
"documents-reports","documents/documents.service.ts","confirmUpload","","document","companyId","projectId","@ProjectScoped","assert","none","N","","documents.service.spec.ts","protected"
"documents-reports","documents/documents.service.ts","createActiveFromBuffer","","document","companyId","projectId","@ProjectScoped","none","none","N","","documents.service.spec.ts","partial"
"documents-reports","documents/documents.service.ts","createPresignedDownload","","document","companyId","projectId","@ProjectScoped","assert","none","N","","documents.service.spec.ts","protected"
"documents-reports","documents/documents.service.ts","createPresignedUpload","","document","companyId","projectId","@ProjectScoped","assert","none","N","","documents.service.spec.ts","protected"
"documents-reports","documents/documents.service.ts","getById","","document","companyId","projectId","@ProjectScoped","assert","none","N","","documents.service.spec.ts","protected"
"documents-reports","documents/documents.service.ts","listEntityDocuments","","document","companyId","projectId","@ProjectScoped","assertProjectAccess","mergeAuthorisedProjectFilter","N","","documents.service.spec.ts","protected"
"documents-reports","documents/documents.service.ts","replaceDocument","","document","companyId","projectId","@ProjectScoped","assert","none","N","","documents.service.spec.ts","protected"
"documents-reports","documents/documents.service.ts","requireActiveDocument","","document","companyId","projectId","@ProjectScoped","none","none","N","","documents.service.spec.ts","partial"
"documents-reports","documents/documents.service.ts","setMalwareScanStatus","","document","companyId","projectId","@ProjectScoped","none","none","N","","documents.service.spec.ts","partial"
"documents-reports","documents/s3-storage.service.ts","createPresignedDownload","","document","companyId","projectId","@ProjectScoped","none","none","N","","","partial"
"documents-reports","documents/s3-storage.service.ts","createPresignedUpload","","document","companyId","projectId","@ProjectScoped","none","none","N","","","partial"
"documents-reports","documents/s3-storage.service.ts","headObject","","document","companyId","projectId","@ProjectScoped","none","none","N","","","partial"
"documents-reports","documents/s3-storage.service.ts","putObject","","document","companyId","projectId","@ProjectScoped","none","none","N","","","partial"
"documents-reports","project-dashboard/project-dashboard.service.ts","getDashboard","","project-dashboard","N","N","@ProjectScoped","assertProjectAccess","none","N","","project-dashboard.service.spec.ts","protected"
"inventory","material-consumption/material-consumption.service.ts","approve","","material-consumption","N","projectId","@ProjectScoped","none","none","N","","material-consumption.service.spec.ts","partial"
"inventory","material-consumption/material-consumption.service.ts","cancel","","material-consumption","N","projectId","@ProjectScoped","none","none","N","","material-consumption.service.spec.ts","partial"
"inventory","material-consumption/material-consumption.service.ts","generate","","material-consumption","N","projectId","@ProjectScoped","none","none","N","","material-consumption.service.spec.ts","partial"
"inventory","material-consumption/material-consumption.service.ts","getById","","material-consumption","N","projectId","@ProjectScoped","none","none","N","","material-consumption.service.spec.ts","partial"
"inventory","material-consumption/material-consumption.service.ts","list","","material-consumption","N","projectId","@ProjectScoped","none","none","N","","material-consumption.service.spec.ts","partial"
"inventory","material-consumption/material-consumption.service.ts","preview","","material-consumption","N","projectId","@ProjectScoped","none","none","N","","material-consumption.service.spec.ts","partial"
"inventory","material-consumption/material-consumption.service.ts","submit","","material-consumption","N","projectId","@ProjectScoped","none","none","N","","material-consumption.service.spec.ts","partial"
"inventory","material-consumption/material-consumption.service.ts","update","","material-consumption","N","projectId","@ProjectScoped","none","none","N","","material-consumption.service.spec.ts","partial"
"inventory","material-issues/material-issues.service.ts","attachSignatures","","material-issue","N","projectId","@ProjectScoped","via requireIssue()","none","N","","material-issues.service.spec.ts","protected"
"inventory","material-issues/material-issues.service.ts","cancel","","material-issue","N","projectId","@ProjectScoped","via requireIssue()","none","N","","material-issues.service.spec.ts","protected"
"inventory","material-issues/material-issues.service.ts","confirm","","material-issue","N","projectId","@ProjectScoped","via requireIssue()","none","N","","material-issues.service.spec.ts","protected"
"inventory","material-issues/material-issues.service.ts","create","","material-issue","N","projectId","@ProjectScoped","assertProjectAccess","none","N","","material-issues.service.spec.ts","protected"
"inventory","material-issues/material-issues.service.ts","createReturn","","material-issue","N","projectId","@ProjectScoped","via requireIssue()","none","N","","material-issues.service.spec.ts","protected"
"inventory","material-issues/material-issues.service.ts","getById","","material-issue","N","projectId","@ProjectScoped","via requireIssue()","none","N","","material-issues.service.spec.ts","protected"
"inventory","material-issues/material-issues.service.ts","list","","material-issue","N","projectId","@ProjectScoped","assertProjectAccess","mergeAuthorisedProjectFilter","N","","material-issues.service.spec.ts","protected"
"inventory","material-issues/material-issues.service.ts","submit","","material-issue","N","projectId","@ProjectScoped","via requireIssue()","none","N","","material-issues.service.spec.ts","protected"
"inventory","material-issues/material-issues.service.ts","update","","material-issue","N","projectId","@ProjectScoped","via requireIssue()","none","N","","material-issues.service.spec.ts","protected"
"inventory","stock-counts/stock-counts.service.ts","approve","","stock-count","N","projectId","@ProjectScoped","via requireCount()","none","N","","stock-counts.service.spec.ts","protected"
"inventory","stock-counts/stock-counts.service.ts","cancel","","stock-count","N","projectId","@ProjectScoped","via requireCount()","none","N","","stock-counts.service.spec.ts","protected"
"inventory","stock-counts/stock-counts.service.ts","create","","stock-count","N","projectId","@ProjectScoped","assertProjectAccess","none","N","","stock-counts.service.spec.ts","protected"
"inventory","stock-counts/stock-counts.service.ts","getById","","stock-count","N","projectId","@ProjectScoped","via requireCount()","none","N","","stock-counts.service.spec.ts","protected"
"inventory","stock-counts/stock-counts.service.ts","list","","stock-count","N","projectId","@ProjectScoped","assertProjectAccess","mergeAuthorisedProjectFilter","N","","stock-counts.service.spec.ts","protected"
"inventory","stock-counts/stock-counts.service.ts","post","","stock-count","N","projectId","@ProjectScoped","via requireCount()","none","N","","stock-counts.service.spec.ts","protected"
"inventory","stock-counts/stock-counts.service.ts","review","","stock-count","N","projectId","@ProjectScoped","via requireCount()","none","N","","stock-counts.service.spec.ts","protected"
"inventory","stock-counts/stock-counts.service.ts","submit","","stock-count","N","projectId","@ProjectScoped","via requireCount()","none","N","","stock-counts.service.spec.ts","protected"
"inventory","stock-counts/stock-counts.service.ts","update","","stock-count","N","projectId","@ProjectScoped","via requireCount()","none","N","","stock-counts.service.spec.ts","protected"
"inventory","stock-ledger/stock-ledger.service.ts","getBalance","","stock-ledger","N","projectId","@ProjectScoped","none","none","N","","stock-ledger.service.spec.ts","partial"
"inventory","stock-ledger/stock-ledger.service.ts","getById","","stock-ledger","N","projectId","@ProjectScoped","none","none","Y","","stock-ledger.service.spec.ts","partial"
"inventory","stock-ledger/stock-ledger.service.ts","getQuantityInBaseUnit","","stock-ledger","N","projectId","@ProjectScoped","none","none","N","","stock-ledger.service.spec.ts","partial"
"inventory","stock-ledger/stock-ledger.service.ts","hasStockTransactions","","stock-ledger","N","projectId","@ProjectScoped","none","none","N","","stock-ledger.service.spec.ts","partial"
"inventory","stock-ledger/stock-ledger.service.ts","list","","stock-ledger","N","projectId","@ProjectScoped","none","none","N","","stock-ledger.service.spec.ts","partial"
"inventory","stock-ledger/stock-ledger.service.ts","post","","stock-ledger","N","projectId","@ProjectScoped","none","none","N","","stock-ledger.service.spec.ts","partial"
"inventory","stock-ledger/stock-ledger.service.ts","postEntry","","stock-ledger","N","projectId","@ProjectScoped","none","none","N","","stock-ledger.service.spec.ts","partial"
"inventory","stock-ledger/stock-ledger.service.ts","reverse","","stock-ledger","N","projectId","@ProjectScoped","none","none","Y","","stock-ledger.service.spec.ts","partial"
"inventory","stock-reorder/stock-reorder.service.ts","buildForecasts","","stock-reorder","N","projectId","@ProjectScoped","none","none","N","","stock-reorder.service.spec.ts","partial"
"inventory","stock-reorder/stock-reorder.service.ts","evaluate","/api/v1/stock-reorder/forecast","stock-reorder","N","projectId","@ProjectScoped","none","none","N","","stock-reorder.service.spec.ts","partial"
"inventory","stock-reorder/stock-reorder.service.ts","getForecast","","stock-reorder","N","projectId","@ProjectScoped","none","none","N","","stock-reorder.service.spec.ts","partial"
"inventory","stock-reorder/stock-reorder.service.ts","listAlerts","","stock-reorder","N","projectId","@ProjectScoped","none","none","N","","stock-reorder.service.spec.ts","partial"
"investors","investor-portal/investor-portal.service.ts","getMe","","investor-portal","N","projectId","@InvestorScoped","none","none","N","","","partial"
"investors","investor-portal/investor-portal.service.ts","getProject","","investor-portal","N","projectId","@InvestorScoped","none","none","Y","","","partial"
"investors","investor-portal/investor-portal.service.ts","listProjects","","investor-portal","N","projectId","@InvestorScoped","none","none","Y","","","partial"
"investors","investor-portal/investor-portal.service.ts","publishReport","","investor-portal","N","projectId","@InvestorScoped","none","none","Y","","","partial"
"investors","investor-portal/investor-portal.service.ts","recordProfitAllocation","","investor-portal","N","projectId","@InvestorScoped","none","none","Y","","","partial"
"investors","investor-portal/investor-portal.service.ts","updateDistributedProfit","","investor-portal","N","projectId","@InvestorScoped","none","none","Y","","","partial"
"investors","investors/investors.service.ts","activate","/api/v1/investors/:id/activate","investor","companyId","N","@GlobalScope","none","none","Y","","investors.service.spec.ts","unprotected"
"investors","investors/investors.service.ts","addDocument","","investor","companyId","N","@GlobalScope","none","none","N","","investors.service.spec.ts","unprotected"
"investors","investors/investors.service.ts","create","/api/v1/investors","investor","companyId","N","@GlobalScope","none","none","N","","investors.service.spec.ts","unprotected"
"investors","investors/investors.service.ts","deactivate","/api/v1/investors/:id/deactivate","investor","companyId","N","@GlobalScope","none","none","Y","","investors.service.spec.ts","unprotected"
"investors","investors/investors.service.ts","getById","/api/v1/investors/:id","investor","companyId","N","@GlobalScope","none","none","N","","investors.service.spec.ts","unprotected"
"investors","investors/investors.service.ts","list","/api/v1/investors","investor","companyId","N","@GlobalScope","none","none","N","","investors.service.spec.ts","unprotected"
"investors","investors/investors.service.ts","listDocuments","/api/v1/investors/:id/documents","investor","companyId","N","@GlobalScope","none","none","N","","investors.service.spec.ts","unprotected"
"investors","investors/investors.service.ts","resolveAccess","","investor","companyId","N","@GlobalScope","none","none","N","","investors.service.spec.ts","unprotected"
"investors","investors/investors.service.ts","update","/api/v1/investors/:id","investor","companyId","N","@GlobalScope","none","none","Y","","investors.service.spec.ts","unprotected"
"investors","investors/investors.service.ts","verifyKyc","/api/v1/investors/:id/verify-kyc","investor","companyId","N","@GlobalScope","none","none","Y","","investors.service.spec.ts","unprotected"
"investors","project-participants/project-participants.service.ts","addDocument","","project-participant","N","projectId","@ProjectScoped","none","none","N","","project-participants.service.spec.ts","partial"
"investors","project-participants/project-participants.service.ts","approve","","project-participant","N","projectId","@ProjectScoped","none","none","N","","project-participants.service.spec.ts","partial"
"investors","project-participants/project-participants.service.ts","create","","project-participant","N","projectId","@ProjectScoped","none","none","N","","project-participants.service.spec.ts","partial"
"investors","project-participants/project-participants.service.ts","createVersion","","project-participant","N","projectId","@ProjectScoped","none","none","N","","project-participants.service.spec.ts","partial"
"investors","project-participants/project-participants.service.ts","finalize","","project-participant","N","projectId","@ProjectScoped","none","none","N","","project-participants.service.spec.ts","partial"
"investors","project-participants/project-participants.service.ts","getById","","project-participant","N","projectId","@ProjectScoped","none","none","N","","project-participants.service.spec.ts","partial"
"investors","project-participants/project-participants.service.ts","getConfiguration","","project-participant","N","projectId","@ProjectScoped","none","none","N","","project-participants.service.spec.ts","partial"
"investors","project-participants/project-participants.service.ts","listActive","","project-participant","N","projectId","@ProjectScoped","none","none","N","","project-participants.service.spec.ts","partial"
"investors","project-participants/project-participants.service.ts","listDocuments","","project-participant","N","projectId","@ProjectScoped","none","none","N","","project-participants.service.spec.ts","partial"
"investors","project-participants/project-participants.service.ts","listHistory","","project-participant","N","projectId","@ProjectScoped","none","none","N","","project-participants.service.spec.ts","partial"
"investors","project-participants/project-participants.service.ts","reject","","project-participant","N","projectId","@ProjectScoped","none","none","N","","project-participants.service.spec.ts","partial"
"investors","project-participants/project-participants.service.ts","submit","","project-participant","N","projectId","@ProjectScoped","none","none","N","","project-participants.service.spec.ts","partial"
"investors","project-participants/project-participants.service.ts","unfinalize","","project-participant","N","projectId","@ProjectScoped","none","none","N","","project-participants.service.spec.ts","partial"
"investors","project-participants/project-participants.service.ts","updateDraft","","project-participant","N","projectId","@ProjectScoped","none","none","Y","","project-participants.service.spec.ts","partial"
"procurement","approvals/approvals.service.ts","approve","","approval","N","projectId","@ProjectScoped","assertCanAccessProject","none","N","","approvals.service.spec.ts","protected"
"procurement","approvals/approvals.service.ts","cancel","","approval","N","projectId","@ProjectScoped","assertCanAccessProject","none","N","","approvals.service.spec.ts","protected"
"procurement","approvals/approvals.service.ts","create","","approval","N","projectId","@ProjectScoped","assertCanAccessProject","none","N","","approvals.service.spec.ts","protected"
"procurement","approvals/approvals.service.ts","escalate","","approval","N","projectId","@ProjectScoped","assertCanAccessProject","none","N","","approvals.service.spec.ts","protected"
"procurement","approvals/approvals.service.ts","getById","","approval","N","projectId","@ProjectScoped","assertCanAccessProject","none","N","","approvals.service.spec.ts","protected"
"procurement","approvals/approvals.service.ts","getTimeline","","approval","N","projectId","@ProjectScoped","assertCanAccessProject","none","N","","approvals.service.spec.ts","protected"
"procurement","approvals/approvals.service.ts","getWorkflow","","approval","N","projectId","@ProjectScoped","none","none","N","","approvals.service.spec.ts","partial"
"procurement","approvals/approvals.service.ts","list","","approval","N","projectId","@ProjectScoped","assertCanAccessProject","none","N","","approvals.service.spec.ts","protected"
"procurement","approvals/approvals.service.ts","reject","","approval","N","projectId","@ProjectScoped","assertCanAccessProject","none","N","","approvals.service.spec.ts","protected"
"procurement","approvals/approvals.service.ts","returnForCorrection","","approval","N","projectId","@ProjectScoped","assertCanAccessProject","none","N","","approvals.service.spec.ts","protected"
"procurement","approvals/approvals.service.ts","submit","","approval","N","projectId","@ProjectScoped","assertCanAccessProject","none","N","","approvals.service.spec.ts","protected"
"procurement","approvals/approvals.service.ts","upsertWorkflow","","approval","N","projectId","@ProjectScoped","none","none","N","","approvals.service.spec.ts","partial"
"procurement","goods-receipts/goods-receipts.service.ts","accept","","goods-receipt","N","projectId","@ProjectScoped","none","none","N","","goods-receipts.service.spec.ts","partial"
"procurement","goods-receipts/goods-receipts.service.ts","applyInspectionResult","","goods-receipt","N","projectId","@ProjectScoped","via requireGrn()","none","N","","goods-receipts.service.spec.ts","protected"
"procurement","goods-receipts/goods-receipts.service.ts","cancel","","goods-receipt","N","projectId","@ProjectScoped","via requireGrn()","none","N","","goods-receipts.service.spec.ts","protected"
"procurement","goods-receipts/goods-receipts.service.ts","create","","goods-receipt","N","projectId","@ProjectScoped","assertProjectAccess","none","N","","goods-receipts.service.spec.ts","protected"
"procurement","goods-receipts/goods-receipts.service.ts","getById","","goods-receipt","N","projectId","@ProjectScoped","via requireGrn()","none","N","","goods-receipts.service.spec.ts","protected"
"procurement","goods-receipts/goods-receipts.service.ts","list","","goods-receipt","N","projectId","@ProjectScoped","assertProjectAccess","mergeAuthorisedProjectFilter","N","","goods-receipts.service.spec.ts","protected"
"procurement","goods-receipts/goods-receipts.service.ts","post","","goods-receipt","N","projectId","@ProjectScoped","via requireGrn()","none","N","","goods-receipts.service.spec.ts","protected"
"procurement","goods-receipts/goods-receipts.service.ts","startQualityCheck","","goods-receipt","N","projectId","@ProjectScoped","via requireGrn()","none","N","","goods-receipts.service.spec.ts","protected"
"procurement","goods-receipts/goods-receipts.service.ts","submit","","goods-receipt","N","projectId","@ProjectScoped","via requireGrn()","none","N","","goods-receipts.service.spec.ts","protected"
"procurement","goods-receipts/goods-receipts.service.ts","update","","goods-receipt","N","projectId","@ProjectScoped","via requireGrn()","none","N","","goods-receipts.service.spec.ts","protected"
"procurement","purchase-orders/purchase-orders.service.ts","approve","","purchase-order","N","projectId","@ProjectScoped","via requirePo()","none","N","","purchase-orders.service.spec.ts","protected"
"procurement","purchase-orders/purchase-orders.service.ts","cancel","","purchase-order","N","projectId","@ProjectScoped","via requirePo()","none","N","","purchase-orders.service.spec.ts","protected"
"procurement","purchase-orders/purchase-orders.service.ts","close","","purchase-order","N","projectId","@ProjectScoped","via requirePo()","none","N","","purchase-orders.service.spec.ts","protected"
"procurement","purchase-orders/purchase-orders.service.ts","create","","purchase-order","N","projectId","@ProjectScoped","assertProjectAccess","none","N","","purchase-orders.service.spec.ts","protected"
"procurement","purchase-orders/purchase-orders.service.ts","exportPdf","","purchase-order","N","projectId","@ProjectScoped","via requirePo()","none","N","","purchase-orders.service.spec.ts","protected"
"procurement","purchase-orders/purchase-orders.service.ts","getBalance","","purchase-order","N","projectId","@ProjectScoped","via requirePo()","none","N","","purchase-orders.service.spec.ts","protected"
"procurement","purchase-orders/purchase-orders.service.ts","getById","","purchase-order","N","projectId","@ProjectScoped","via requirePo()","none","N","","purchase-orders.service.spec.ts","protected"
"procurement","purchase-orders/purchase-orders.service.ts","list","","purchase-order","N","projectId","@ProjectScoped","assertProjectAccess","mergeAuthorisedProjectFilter","N","","purchase-orders.service.spec.ts","protected"
"procurement","purchase-orders/purchase-orders.service.ts","recordReceipt","","purchase-order","N","projectId","@ProjectScoped","via requirePo()","none","N","","purchase-orders.service.spec.ts","protected"
"procurement","purchase-orders/purchase-orders.service.ts","reject","","purchase-order","N","projectId","@ProjectScoped","via requirePo()","none","N","","purchase-orders.service.spec.ts","protected"
"procurement","purchase-orders/purchase-orders.service.ts","revise","","purchase-order","N","projectId","@ProjectScoped","via requirePo()","none","N","","purchase-orders.service.spec.ts","protected"
"procurement","purchase-orders/purchase-orders.service.ts","submitForApproval","","purchase-order","N","projectId","@ProjectScoped","via requirePo()","none","N","","purchase-orders.service.spec.ts","protected"
"procurement","purchase-orders/purchase-orders.service.ts","update","","purchase-order","N","projectId","@ProjectScoped","via requirePo()","none","N","","purchase-orders.service.spec.ts","protected"
"procurement","purchase-requests/purchase-requests.service.ts","approve","","purchase-request","N","projectId","@ProjectScoped","via requireRequest()","none","N","","purchase-requests.service.spec.ts","protected"
"procurement","purchase-requests/purchase-requests.service.ts","cancel","","purchase-request","N","projectId","@ProjectScoped","via requireRequest()","none","N","","purchase-requests.service.spec.ts","protected"
"procurement","purchase-requests/purchase-requests.service.ts","close","","purchase-request","N","projectId","@ProjectScoped","via requireRequest()","none","N","","purchase-requests.service.spec.ts","protected"
"procurement","purchase-requests/purchase-requests.service.ts","create","","purchase-request","N","projectId","@ProjectScoped","assertProjectAccess","none","N","","purchase-requests.service.spec.ts","protected"
"procurement","purchase-requests/purchase-requests.service.ts","getById","","purchase-request","N","projectId","@ProjectScoped","via requireRequest()","none","N","","purchase-requests.service.spec.ts","protected"
"procurement","purchase-requests/purchase-requests.service.ts","list","","purchase-request","N","projectId","@ProjectScoped","assertProjectAccess","mergeAuthorisedProjectFilter","N","","purchase-requests.service.spec.ts","protected"
"procurement","purchase-requests/purchase-requests.service.ts","reject","","purchase-request","N","projectId","@ProjectScoped","via requireRequest()","none","N","","purchase-requests.service.spec.ts","protected"
"procurement","purchase-requests/purchase-requests.service.ts","returnForCorrection","","purchase-request","N","projectId","@ProjectScoped","via requireRequest()","none","N","","purchase-requests.service.spec.ts","protected"
"procurement","purchase-requests/purchase-requests.service.ts","review","","purchase-request","N","projectId","@ProjectScoped","via requireRequest()","none","N","","purchase-requests.service.spec.ts","protected"
"procurement","purchase-requests/purchase-requests.service.ts","startSourcing","","purchase-request","N","projectId","@ProjectScoped","via requireRequest()","none","N","","purchase-requests.service.spec.ts","protected"
"procurement","purchase-requests/purchase-requests.service.ts","submit","","purchase-request","N","projectId","@ProjectScoped","via requireRequest()","none","N","","purchase-requests.service.spec.ts","protected"
"procurement","purchase-requests/purchase-requests.service.ts","update","","purchase-request","N","projectId","@ProjectScoped","via requireRequest()","none","N","","purchase-requests.service.spec.ts","protected"
"procurement","vendors/vendors.service.ts","activate","","vendor","companyId","projectId","@GlobalScope","none","none","Y","","vendors.service.spec.ts","unprotected"
"procurement","vendors/vendors.service.ts","addDocument","","vendor","companyId","projectId","@GlobalScope","none","none","N","","vendors.service.spec.ts","unprotected"
"procurement","vendors/vendors.service.ts","assignProject","","vendor","companyId","projectId","@GlobalScope","none","none","N","","vendors.service.spec.ts","unprotected"
"procurement","vendors/vendors.service.ts","block","","vendor","companyId","projectId","@GlobalScope","none","none","Y","","vendors.service.spec.ts","unprotected"
"procurement","vendors/vendors.service.ts","create","","vendor","companyId","projectId","@GlobalScope","none","none","N","","vendors.service.spec.ts","unprotected"
"procurement","vendors/vendors.service.ts","getById","","vendor","companyId","projectId","@GlobalScope","none","none","N","","vendors.service.spec.ts","unprotected"
"procurement","vendors/vendors.service.ts","getLedgerPlaceholder","","vendor","companyId","projectId","@GlobalScope","none","none","N","","vendors.service.spec.ts","unprotected"
"procurement","vendors/vendors.service.ts","list","","vendor","companyId","projectId","@GlobalScope","none","none","N","","vendors.service.spec.ts","unprotected"
"procurement","vendors/vendors.service.ts","listDocuments","","vendor","companyId","projectId","@GlobalScope","none","none","N","","vendors.service.spec.ts","unprotected"
"procurement","vendors/vendors.service.ts","listProjects","","vendor","companyId","projectId","@GlobalScope","none","none","N","","vendors.service.spec.ts","unprotected"
"procurement","vendors/vendors.service.ts","unassignProject","","vendor","companyId","projectId","@GlobalScope","none","none","N","","vendors.service.spec.ts","unprotected"
"procurement","vendors/vendors.service.ts","update","","vendor","companyId","projectId","@GlobalScope","none","none","Y","","vendors.service.spec.ts","unprotected"
"procurement","vendors/vendors.service.ts","verify","","vendor","companyId","projectId","@GlobalScope","none","none","Y","","vendors.service.spec.ts","unprotected"
"sales","booking-cancellations/booking-cancellations.service.ts","addDocument","","booking-cancellation","N","projectId","@ProjectScoped","none","none","N","","booking-cancellations.service.spec.ts","partial"
"sales","booking-cancellations/booking-cancellations.service.ts","approve","","booking-cancellation","N","projectId","@ProjectScoped","none","none","N","","booking-cancellations.service.spec.ts","partial"
"sales","booking-cancellations/booking-cancellations.service.ts","getById","","booking-cancellation","N","projectId","@ProjectScoped","none","none","N","","booking-cancellations.service.spec.ts","partial"
"sales","booking-cancellations/booking-cancellations.service.ts","list","","booking-cancellation","N","projectId","@ProjectScoped","none","none","N","","booking-cancellations.service.spec.ts","partial"
"sales","booking-cancellations/booking-cancellations.service.ts","processRefund","","booking-cancellation","N","projectId","@ProjectScoped","none","none","N","","booking-cancellations.service.spec.ts","partial"
"sales","booking-cancellations/booking-cancellations.service.ts","reject","","booking-cancellation","N","projectId","@ProjectScoped","none","none","N","","booking-cancellations.service.spec.ts","partial"
"sales","booking-cancellations/booking-cancellations.service.ts","releaseUnit","","booking-cancellation","N","projectId","@ProjectScoped","none","none","N","","booking-cancellations.service.spec.ts","partial"
"sales","booking-cancellations/booking-cancellations.service.ts","request","","booking-cancellation","N","projectId","@ProjectScoped","none","none","N","","booking-cancellations.service.spec.ts","partial"
"sales","booking-cancellations/booking-cancellations.service.ts","review","","booking-cancellation","N","projectId","@ProjectScoped","none","none","N","","booking-cancellations.service.spec.ts","partial"
"sales","booking-cancellations/booking-cancellations.service.ts","submitForApproval","","booking-cancellation","N","projectId","@ProjectScoped","none","none","N","","booking-cancellations.service.spec.ts","partial"
"sales","bookings/bookings.service.ts","approveDiscount","","booking","N","projectId","@ProjectScoped","via requireBooking()","none","N","","bookings.service.spec.ts","protected"
"sales","bookings/bookings.service.ts","cancel","","booking","N","projectId","@ProjectScoped","via requireBooking()","none","N","","bookings.service.spec.ts","protected"
"sales","bookings/bookings.service.ts","create","","booking","N","projectId","@ProjectScoped","assertProjectAccess","none","N","","bookings.service.spec.ts","protected"
"sales","bookings/bookings.service.ts","expireHolds","","booking","N","projectId","@ProjectScoped","none","none","N","","bookings.service.spec.ts","partial"
"sales","bookings/bookings.service.ts","finalizeCancellation","","booking","N","projectId","@ProjectScoped","via requireBooking()","none","N","","bookings.service.spec.ts","protected"
"sales","bookings/bookings.service.ts","generateBookingForm","","booking","N","projectId","@ProjectScoped","via requireBooking()","none","N","","bookings.service.spec.ts","protected"
"sales","bookings/bookings.service.ts","getById","","booking","N","projectId","@ProjectScoped","via requireBooking()","none","N","","bookings.service.spec.ts","protected"
"sales","bookings/bookings.service.ts","list","","booking","N","projectId","@ProjectScoped","assertProjectAccess","mergeAuthorisedProjectFilter","N","","bookings.service.spec.ts","protected"
"sales","bookings/bookings.service.ts","rejectDiscount","","booking","N","projectId","@ProjectScoped","via requireBooking()","none","N","","bookings.service.spec.ts","protected"
"sales","bookings/bookings.service.ts","transition","","booking","N","projectId","@ProjectScoped","via requireBooking()","none","N","","bookings.service.spec.ts","protected"
"sales","bookings/bookings.service.ts","update","","booking","N","projectId","@ProjectScoped","via requireBooking()","none","N","","bookings.service.spec.ts","protected"
"sales","customers/customers.service.ts","activate","/api/v1/customers/:id/activate","customer","companyId","N","@GlobalScope","none","none","Y","","customers.service.spec.ts","unprotected"
"sales","customers/customers.service.ts","addDocument","","customer","companyId","N","@GlobalScope","none","none","N","","customers.service.spec.ts","unprotected"
"sales","customers/customers.service.ts","create","/api/v1/customers","customer","companyId","N","@GlobalScope","none","none","N","","customers.service.spec.ts","unprotected"
"sales","customers/customers.service.ts","deactivate","/api/v1/customers/:id/deactivate","customer","companyId","N","@GlobalScope","none","none","Y","","customers.service.spec.ts","unprotected"
"sales","customers/customers.service.ts","getById","/api/v1/customers/:id","customer","companyId","N","@GlobalScope","none","none","N","","customers.service.spec.ts","unprotected"
"sales","customers/customers.service.ts","getDocumentForDownload","","customer","companyId","N","@GlobalScope","none","none","N","","customers.service.spec.ts","unprotected"
"sales","customers/customers.service.ts","list","/api/v1/customers","customer","companyId","N","@GlobalScope","none","none","N","","customers.service.spec.ts","unprotected"
"sales","customers/customers.service.ts","listDocuments","/api/v1/customers/:id/documents","customer","companyId","N","@GlobalScope","none","none","N","","customers.service.spec.ts","unprotected"
"sales","customers/customers.service.ts","resolveAccess","","customer","companyId","N","@GlobalScope","none","none","N","","customers.service.spec.ts","unprotected"
"sales","customers/customers.service.ts","update","/api/v1/customers/:id","customer","companyId","N","@GlobalScope","none","none","Y","","customers.service.spec.ts","unprotected"
"sales","customers/customers.service.ts","verifyKyc","/api/v1/customers/:id/verify-kyc","customer","companyId","N","@GlobalScope","none","none","Y","","customers.service.spec.ts","unprotected"
"sales","payment-schedules/payment-schedules.service.ts","approve","","payment-schedule","N","projectId","@ProjectScoped","none","none","N","","payment-schedules.service.spec.ts","partial"
"sales","payment-schedules/payment-schedules.service.ts","generate","","payment-schedule","N","projectId","@ProjectScoped","none","none","N","","payment-schedules.service.spec.ts","partial"
"sales","payment-schedules/payment-schedules.service.ts","generateDemand","","payment-schedule","N","projectId","@ProjectScoped","none","none","N","","payment-schedules.service.spec.ts","partial"
"sales","payment-schedules/payment-schedules.service.ts","getById","","payment-schedule","N","projectId","@ProjectScoped","none","none","N","","payment-schedules.service.spec.ts","partial"
"sales","payment-schedules/payment-schedules.service.ts","list","","payment-schedule","N","projectId","@ProjectScoped","none","none","N","","payment-schedules.service.spec.ts","partial"
"sales","payment-schedules/payment-schedules.service.ts","listOverdue","","payment-schedule","N","projectId","@ProjectScoped","none","none","N","","payment-schedules.service.spec.ts","partial"
"sales","payment-schedules/payment-schedules.service.ts","markDue","","payment-schedule","N","projectId","@ProjectScoped","none","none","N","","payment-schedules.service.spec.ts","partial"
"sales","payment-schedules/payment-schedules.service.ts","markOverdue","","payment-schedule","N","projectId","@ProjectScoped","none","none","N","","payment-schedules.service.spec.ts","partial"
"sales","payment-schedules/payment-schedules.service.ts","reject","","payment-schedule","N","projectId","@ProjectScoped","none","none","N","","payment-schedules.service.spec.ts","partial"
"sales","payment-schedules/payment-schedules.service.ts","revise","","payment-schedule","N","projectId","@ProjectScoped","none","none","N","","payment-schedules.service.spec.ts","partial"
"sales","payment-schedules/payment-schedules.service.ts","submitForApproval","","payment-schedule","N","projectId","@ProjectScoped","none","none","N","","payment-schedules.service.spec.ts","partial"
"sales","projects/projects.service.ts","addDocument","","project","companyId","projectId","@GlobalScope","via assertCanAccess()","none","N","","projects.service.spec.ts","protected"
"sales","projects/projects.service.ts","assignDirectors","","project","companyId","projectId","@GlobalScope","via assertCanAccess()","none","N","","projects.service.spec.ts","protected"
"sales","projects/projects.service.ts","assignProjectManager","","project","companyId","projectId","@GlobalScope","via assertCanAccess()","none","N","","projects.service.spec.ts","protected"
"sales","projects/projects.service.ts","create","","project","companyId","projectId","@GlobalScope","none","none","N","","projects.service.spec.ts","partial"
"sales","projects/projects.service.ts","getById","","project","companyId","projectId","@GlobalScope","via assertCanAccess()","none","N","","projects.service.spec.ts","protected"
"sales","projects/projects.service.ts","list","","project","companyId","projectId","@GlobalScope","none","none","N","","projects.service.spec.ts","partial"
"sales","projects/projects.service.ts","listDocuments","","project","companyId","projectId","@GlobalScope","via assertCanAccess()","none","N","","projects.service.spec.ts","protected"
"sales","projects/projects.service.ts","update","","project","companyId","projectId","@GlobalScope","via assertCanAccess()","none","N","","projects.service.spec.ts","protected"
"sales","projects/projects.service.ts","updateStatus","/api/v1/projects","project","companyId","projectId","@GlobalScope","via assertCanAccess()","none","N","","projects.service.spec.ts","protected"
"workflows","notifications/notifications.service.ts","getPreferences","","notification","N","projectId","@GlobalScope","none","none","N","","notifications.service.spec.ts","unprotected"
"workflows","notifications/notifications.service.ts","listDeliveryLogs","","notification","N","projectId","@GlobalScope","none","none","N","","notifications.service.spec.ts","unprotected"
"workflows","notifications/notifications.service.ts","listInbox","","notification","N","projectId","@GlobalScope","none","none","N","","notifications.service.spec.ts","unprotected"
"workflows","notifications/notifications.service.ts","listScheduled","","notification","N","projectId","@GlobalScope","none","none","N","","notifications.service.spec.ts","unprotected"
"workflows","notifications/notifications.service.ts","listTemplates","","notification","N","projectId","@GlobalScope","none","none","N","","notifications.service.spec.ts","unprotected"
"workflows","notifications/notifications.service.ts","markAllRead","","notification","N","projectId","@GlobalScope","none","none","N","","notifications.service.spec.ts","unprotected"
"workflows","notifications/notifications.service.ts","markRead","","notification","N","projectId","@GlobalScope","none","none","Y","","notifications.service.spec.ts","unprotected"
"workflows","notifications/notifications.service.ts","processDueScheduled","","notification","N","projectId","@GlobalScope","none","none","N","","notifications.service.spec.ts","unprotected"
"workflows","notifications/notifications.service.ts","retryDelivery","","notification","N","projectId","@GlobalScope","none","none","Y","","notifications.service.spec.ts","unprotected"
"workflows","notifications/notifications.service.ts","schedule","","notification","N","projectId","@GlobalScope","none","none","N","","notifications.service.spec.ts","unprotected"
"workflows","notifications/notifications.service.ts","send","","notification","N","projectId","@GlobalScope","none","none","N","","notifications.service.spec.ts","unprotected"
"workflows","notifications/notifications.service.ts","updatePreferences","","notification","N","projectId","@GlobalScope","none","none","N","","notifications.service.spec.ts","unprotected"
"workflows","notifications/notifications.service.ts","upsertTemplate","","notification","N","projectId","@GlobalScope","none","none","N","","notifications.service.spec.ts","unprotected"
"workflows","notifications/push-token.service.ts","findActiveTokensForUser","","notification","N","projectId","@GlobalScope","none","none","N","","push-token.service.spec.ts","unprotected"
"workflows","notifications/push-token.service.ts","invalidateTokens","","notification","N","projectId","@GlobalScope","none","none","N","","push-token.service.spec.ts","unprotected"
"workflows","notifications/push-token.service.ts","listAdmin","","notification","N","projectId","@GlobalScope","none","none","N","","push-token.service.spec.ts","unprotected"
"workflows","notifications/push-token.service.ts","listMine","","notification","N","projectId","@GlobalScope","none","none","N","","push-token.service.spec.ts","unprotected"
"workflows","notifications/push-token.service.ts","register","","notification","N","projectId","@GlobalScope","none","none","N","","push-token.service.spec.ts","unprotected"
"workflows","notifications/push-token.service.ts","revokeById","","notification","N","projectId","@GlobalScope","none","none","Y","","push-token.service.spec.ts","unprotected"
"workflows","notifications/push-token.service.ts","unregister","","notification","N","projectId","@GlobalScope","none","none","N","","push-token.service.spec.ts","unprotected"
